[
    {
        "model": "auth.group",
        "pk": 1,
        "fields": {
            "name": "User",
            "permissions": []
        }
    },
    {
        "model": "lessons.event",
        "pk": 1,
        "fields": {
            "user": 1,
            "course": 1,
            "done_lessons": 0,
            "start_date": "2025-04-03T09:38:12Z",
            "end_date": "2025-04-14T09:37:45Z",
            "favorite": false,
            "status": "process"
        }
    },
    {
        "model": "lessons.event",
        "pk": 2,
        "fields": {
            "user": 1,
            "course": 2,
            "done_lessons": 0,
            "start_date": "2025-04-02T14:07:47Z",
            "end_date": "2025-04-03T14:08:04Z",
            "favorite": true,
            "status": "failed"
        }
    },
    {
        "model": "lessons.course",
        "pk": 1,
        "fields": {
            "name": "Крутой курс",
            "description": "Самый лучший курс для всех",
            "beginer": false,
            "create_date": "2025-04-03T09:33:23.353Z",
            "update_date": "2025-04-03T09:33:23.353Z",
            "image": "course/Крутой курс/обучение-персонала-1024x717.png",
            "profession": 2,
            "experiences": [
                3,
                4
            ]
        }
    },
    {
        "model": "lessons.course",
        "pk": 2,
        "fields": {
            "name": "Какой то курс",
            "description": "Какой то курс для платформы",
            "beginer": false,
            "create_date": "2025-04-03T13:42:48.898Z",
            "update_date": "2025-04-03T13:42:48.898Z",
            "image": "course/Какой то курс/999040e8eabc54c98bb105dd42ddf495.jpg",
            "profession": 1,
            "experiences": [
                2,
                3,
                4
            ]
        }
    },
    {
        "model": "lessons.lesson",
        "pk": 1,
        "fields": {
            "name": "Самый крутой урок",
            "serial": 1,
            "course": 1
        }
    },
    {
        "model": "lessons.lesson",
        "pk": 2,
        "fields": {
            "name": "Еще Лучше Урок",
            "serial": 2,
            "course": 1
        }
    },
    {
        "model": "lessons.lesson",
        "pk": 3,
        "fields": {
            "name": "Какой то урок",
            "serial": 1,
            "course": 2
        }
    },
    {
        "model": "lessons.lesson",
        "pk": 4,
        "fields": {
            "name": "Какой то еще урок",
            "serial": 2,
            "course": 2
        }
    },
    {
        "model": "lessons.step",
        "pk": 1,
        "fields": {
            "title": "Шаг 1",
            "content_text": "Какой то тут контент",
            "serial": 1,
            "lesson": 1
        }
    },
    {
        "model": "lessons.step",
        "pk": 2,
        "fields": {
            "title": "Шаг 2",
            "content_text": "Хороший контент",
            "serial": 2,
            "lesson": 1
        }
    },
    {
        "model": "lessons.step",
        "pk": 3,
        "fields": {
            "title": "Какой то шаг",
            "content_text": "Кокой то контент для шага",
            "serial": 1,
            "lesson": 3
        }
    },
    {
        "model": "lessons.step",
        "pk": 4,
        "fields": {
            "title": "Еще какой то шаг",
            "content_text": "Еще какой то контент",
            "serial": 1,
            "lesson": 4
        }
    },
    {
        "model": "lessons.contentattachment",
        "pk": 1,
        "fields": {
            "file": "content_attachment/Kakoy_to_shag/sample-5s.mp4",
            "file_type": "Video",
            "step": 3
        }
    },
    {
        "model": "lessons.contentattachment",
        "pk": 2,
        "fields": {
            "file": "content_attachment/Shag_1/sample-10s.mp4",
            "file_type": "Video",
            "step": 1
        }
    },
    {
        "model": "lessons.testblock",
        "pk": 1,
        "fields": {
            "lesson": null
        }
    },
    {
        "model": "lessons.testblock",
        "pk": 2,
        "fields": {
            "lesson": 1
        }
    },
    {
        "model": "lessons.testblock",
        "pk": 3,
        "fields": {
            "lesson": 4
        }
    },
    {
        "model": "lessons.question",
        "pk": 1,
        "fields": {
            "text": "Кто ты такой?",
            "image": "",
            "test_block": 1
        }
    },
    {
        "model": "lessons.question",
        "pk": 2,
        "fields": {
            "text": "Когда закончим?",
            "image": "",
            "test_block": 1
        }
    },
    {
        "model": "lessons.question",
        "pk": 3,
        "fields": {
            "text": "Крутой вопрос",
            "image": "",
            "test_block": 2
        }
    },
    {
        "model": "lessons.question",
        "pk": 4,
        "fields": {
            "text": "Какой то вопрос",
            "image": "question/Какой то в/49_picture_66eaed78.jpg",
            "test_block": 3
        }
    },
    {
        "model": "lessons.answer",
        "pk": 1,
        "fields": {
            "text": "Питонист",
            "correct": false,
            "question": 1
        }
    },
    {
        "model": "lessons.answer",
        "pk": 2,
        "fields": {
            "text": "Фронт",
            "correct": false,
            "question": 1
        }
    },
    {
        "model": "lessons.answer",
        "pk": 3,
        "fields": {
            "text": "Человек",
            "correct": true,
            "question": 1
        }
    },
    {
        "model": "lessons.answer",
        "pk": 4,
        "fields": {
            "text": "Инопланетянин",
            "correct": true,
            "question": 1
        }
    },
    {
        "model": "lessons.answer",
        "pk": 5,
        "fields": {
            "text": "Да, хз",
            "correct": false,
            "question": 2
        }
    },
    {
        "model": "lessons.answer",
        "pk": 6,
        "fields": {
            "text": "Завтра",
            "correct": false,
            "question": 2
        }
    },
    {
        "model": "lessons.answer",
        "pk": 7,
        "fields": {
            "text": "Через неделю",
            "correct": false,
            "question": 2
        }
    },
    {
        "model": "lessons.answer",
        "pk": 8,
        "fields": {
            "text": "Через 2 недели",
            "correct": true,
            "question": 2
        }
    },
    {
        "model": "lessons.answer",
        "pk": 9,
        "fields": {
            "text": "Крутой ответ",
            "correct": true,
            "question": 3
        }
    },
    {
        "model": "lessons.answer",
        "pk": 10,
        "fields": {
            "text": "Хороший ответ",
            "correct": false,
            "question": 3
        }
    },
    {
        "model": "lessons.answer",
        "pk": 11,
        "fields": {
            "text": "Не очень ответ",
            "correct": false,
            "question": 3
        }
    },
    {
        "model": "lessons.answer",
        "pk": 12,
        "fields": {
            "text": "Какой то ответ",
            "correct": true,
            "question": 4
        }
    },
    {
        "model": "lessons.answer",
        "pk": 13,
        "fields": {
            "text": "Еще какой то ответ",
            "correct": false,
            "question": 4
        }
    },
    {
        "model": "users.profession",
        "pk": 1,
        "fields": {
            "en_name": "admin",
            "ru_name": "админ"
        }
    },
    {
        "model": "users.profession",
        "pk": 2,
        "fields": {
            "en_name": "Builder",
            "ru_name": "Строитель"
        }
    },
    {
        "model": "users.user",
        "pk": 1,
        "fields": {
            "password": "pbkdf2_sha256$870000$ofpvZtUzC2ussdeThMQZDi$kd908xHVD4Gus40uz4t4yLpsuQ/EsYnwmFuUL8eifAs=",
            "is_superuser": true,
            "email": "admin@admin.com",
            "is_staff": true,
            "is_active": true,
            "is_verified": true,
            "first_name": "Vasia",
            "last_name": "Petechkin",
            "date_joined": "2025-03-17T06:12:30.791Z",
            "last_login": "2025-04-03T13:55:24.547Z",
            "date_commencement": "2024-01-01",
            "profession": 1,
            "groups": [],
            "user_permissions": []
        }
    },
    {
        "model": "users.user",
        "pk": 2,
        "fields": {
            "password": "pbkdf2_sha256$870000$DonqVrVvapUROtVYqQARBu$54hlfk6iYSksSW5bwBKOTO+w/vjhvEGICsPiaU3UyGY=",
            "is_superuser": false,
            "email": "y@mail.ru",
            "is_staff": false,
            "is_active": true,
            "is_verified": true,
            "first_name": "Alex",
            "last_name": "Martira",
            "date_joined": "2025-03-21T17:51:25.332Z",
            "last_login": "2025-03-27T16:50:01.552Z",
            "date_commencement": "2025-03-21",
            "profession": 2,
            "groups": [
                1
            ],
            "user_permissions": []
        }
    },
    {
        "model": "users.profile",
        "pk": 1,
        "fields": {
            "user": 2,
            "phone": null,
            "image": "",
            "date_birthday": null
        }
    },
    {
        "model": "users.workexperience",
        "pk": 2,
        "fields": {
            "years": 1
        }
    },
    {
        "model": "users.workexperience",
        "pk": 3,
        "fields": {
            "years": 2
        }
    },
    {
        "model": "users.workexperience",
        "pk": 4,
        "fields": {
            "years": 3
        }
    },
    {
        "model": "users.professiongroup",
        "pk": 1,
        "fields": {
            "profession": 2,
            "students": []
        }
    }
]