[
    {
        "model": "auth.group",
        "pk": 1,
        "fields": {
            "name": "User",
            "permissions": []
        }
    },
    {
        "model": "lessons.event",
        "pk": 1,
        "fields": {
            "user": 2,
            "course": 1,
            "done_lessons": 1,
            "start_date": "2025-04-03T09:38:12Z",
            "end_date": "2025-04-14T09:37:45Z",
            "favorite": false,
            "status": "process"
        }
    },
    {
        "model": "lessons.event",
        "pk": 2,
        "fields": {
            "user": 2,
            "course": 2,
            "done_lessons": 2,
            "start_date": "2025-04-02T14:07:47Z",
            "end_date": "2025-04-03T14:08:04Z",
            "favorite": true,
            "status": "failed"
        }
    },
    {
        "model": "lessons.event",
        "pk": 3,
        "fields": {
            "user": 2,
            "course": 3,
            "done_lessons": 0,
            "start_date": "2025-02-10T17:11:50Z",
            "end_date": "2025-03-10T17:11:53Z",
            "favorite": true,
            "status": "failed"
        }
    },
    {
        "model": "lessons.event",
        "pk": 4,
        "fields": {
            "user": 2,
            "course": 4,
            "done_lessons": 4,
            "start_date": "2025-04-10T17:13:01Z",
            "end_date": "2026-04-10T17:13:03Z",
            "favorite": true,
            "status": "process"
        }
    },
    {
        "model": "lessons.course",
        "pk": 1,
        "fields": {
            "name": "Крутой курс",
            "description": "Самый лучший курс для всех",
            "beginer": false,
            "create_date": "2025-04-03T09:33:23.353Z",
            "update_date": "2025-04-03T09:33:23.353Z",
            "image": "course/Крутой курс/обучение-персонала-1024x717.png",
            "profession": 2,
            "experiences": [
                3,
                4
            ]
        }
    },
    {
        "model": "lessons.course",
        "pk": 2,
        "fields": {
            "name": "Какой то курс",
            "description": "Какой то курс для платформы",
            "beginer": false,
            "create_date": "2025-04-03T13:42:48.898Z",
            "update_date": "2025-04-03T13:42:48.898Z",
            "image": "course/Какой то курс/999040e8eabc54c98bb105dd42ddf495.jpg",
            "profession": 1,
            "experiences": [
                2,
                3,
                4
            ]
        }
    },
    {
        "model": "lessons.course",
        "pk": 3,
        "fields": {
            "name": "Первая помощь (часть 1)",
            "description": "",
            "beginer": true,
            "create_date": "2025-04-10T17:08:53.499Z",
            "update_date": "2025-04-10T17:12:36.778Z",
            "image": "",
            "profession": null,
            "experiences": [
                2
            ]
        }
    },
    {
        "model": "lessons.course",
        "pk": 4,
        "fields": {
            "name": "Первая помощь (часть 2)",
            "description": "",
            "beginer": true,
            "create_date": "2025-04-10T17:09:02.022Z",
            "update_date": "2025-04-10T17:12:42.973Z",
            "image": "",
            "profession": null,
            "experiences": [
                2
            ]
        }
    },
    {
        "model": "lessons.scorm",
        "pk": 1,
        "fields": {
            "name": "Первая помощь (часть 1)",
            "version": "2004 4th Edition",
            "course": 3,
            "resourse": "/media/scorm/pervaya-pomosch-chast-1/res/index.html"
        }
    },
    {
        "model": "lessons.scorm",
        "pk": 2,
        "fields": {
            "name": "Первая помощь (часть 2)",
            "version": "2004 4th Edition",
            "course": 4,
            "resourse": "/media/scorm/pervaya-pomosch-chast-2/res/index.html"
        }
    },
    {
        "model": "lessons.scorm",
        "pk": 3,
        "fields": {
            "name": "Первая помощь (часть 3)",
            "version": "2004 4th Edition",
            "course": 4,
            "resourse": "/media/scorm/pervaya-pomosch-chast-2/res/index1.html"
        }
    },
    {
        "model": "lessons.scormfile",
        "pk": 1,
        "fields": {
            "course": 3,
            "file": "scorm/pervaya-pomosch-chast-1/adlcp_v1p3.xsd"
        }
    },
    {
        "model": "lessons.scormfile",
        "pk": 2,
        "fields": {
            "course": 3,
            "file": "scorm/pervaya-pomosch-chast-1/adlnav_v1p3.xsd"
        }
    },
    {
        "model": "lessons.scormfile",
        "pk": 3,
        "fields": {
            "course": 3,
            "file": "scorm/pervaya-pomosch-chast-1/adlseq_v1p3.xsd"
        }
    },
    {
        "model": "lessons.scormfile",
        "pk": 4,
        "fields": {
            "course": 3,
            "file": "scorm/pervaya-pomosch-chast-1/datatypes.dtd"
        }
    },
    {
        "model": "lessons.scormfile",
        "pk": 5,
        "fields": {
            "course": 3,
            "file": "scorm/pervaya-pomosch-chast-1/imscp_v1p1.xsd"
        }
    },
    {
        "model": "lessons.scormfile",
        "pk": 6,
        "fields": {
            "course": 3,
            "file": "scorm/pervaya-pomosch-chast-1/imsss_v1p0.xsd"
        }
    },
    {
        "model": "lessons.scormfile",
        "pk": 7,
        "fields": {
            "course": 3,
            "file": "scorm/pervaya-pomosch-chast-1/imsss_v1p0auxresource.xsd"
        }
    },
    {
        "model": "lessons.scormfile",
        "pk": 8,
        "fields": {
            "course": 3,
            "file": "scorm/pervaya-pomosch-chast-1/imsss_v1p0control.xsd"
        }
    },
    {
        "model": "lessons.scormfile",
        "pk": 9,
        "fields": {
            "course": 3,
            "file": "scorm/pervaya-pomosch-chast-1/imsss_v1p0delivery.xsd"
        }
    },
    {
        "model": "lessons.scormfile",
        "pk": 10,
        "fields": {
            "course": 3,
            "file": "scorm/pervaya-pomosch-chast-1/imsss_v1p0limit.xsd"
        }
    },
    {
        "model": "lessons.scormfile",
        "pk": 11,
        "fields": {
            "course": 3,
            "file": "scorm/pervaya-pomosch-chast-1/imsss_v1p0objective.xsd"
        }
    },
    {
        "model": "lessons.scormfile",
        "pk": 12,
        "fields": {
            "course": 3,
            "file": "scorm/pervaya-pomosch-chast-1/imsss_v1p0random.xsd"
        }
    },
    {
        "model": "lessons.scormfile",
        "pk": 13,
        "fields": {
            "course": 3,
            "file": "scorm/pervaya-pomosch-chast-1/imsss_v1p0rollup.xsd"
        }
    },
    {
        "model": "lessons.scormfile",
        "pk": 14,
        "fields": {
            "course": 3,
            "file": "scorm/pervaya-pomosch-chast-1/imsss_v1p0seqrule.xsd"
        }
    },
    {
        "model": "lessons.scormfile",
        "pk": 15,
        "fields": {
            "course": 3,
            "file": "scorm/pervaya-pomosch-chast-1/imsss_v1p0util.xsd"
        }
    },
    {
        "model": "lessons.scormfile",
        "pk": 16,
        "fields": {
            "course": 3,
            "file": "scorm/pervaya-pomosch-chast-1/lom.xsd"
        }
    },
    {
        "model": "lessons.scormfile",
        "pk": 17,
        "fields": {
            "course": 3,
            "file": "scorm/pervaya-pomosch-chast-1/xml.xsd"
        }
    },
    {
        "model": "lessons.scormfile",
        "pk": 18,
        "fields": {
            "course": 3,
            "file": "scorm/pervaya-pomosch-chast-1/XMLSchema.dtd"
        }
    },
    {
        "model": "lessons.scormfile",
        "pk": 19,
        "fields": {
            "course": 3,
            "file": "scorm/pervaya-pomosch-chast-1/common/anyElement.xsd"
        }
    },
    {
        "model": "lessons.scormfile",
        "pk": 20,
        "fields": {
            "course": 3,
            "file": "scorm/pervaya-pomosch-chast-1/common/dataTypes.xsd"
        }
    },
    {
        "model": "lessons.scormfile",
        "pk": 21,
        "fields": {
            "course": 3,
            "file": "scorm/pervaya-pomosch-chast-1/common/elementNames.xsd"
        }
    },
    {
        "model": "lessons.scormfile",
        "pk": 22,
        "fields": {
            "course": 3,
            "file": "scorm/pervaya-pomosch-chast-1/common/elementTypes.xsd"
        }
    },
    {
        "model": "lessons.scormfile",
        "pk": 23,
        "fields": {
            "course": 3,
            "file": "scorm/pervaya-pomosch-chast-1/common/rootElement.xsd"
        }
    },
    {
        "model": "lessons.scormfile",
        "pk": 24,
        "fields": {
            "course": 3,
            "file": "scorm/pervaya-pomosch-chast-1/common/vocabTypes.xsd"
        }
    },
    {
        "model": "lessons.scormfile",
        "pk": 25,
        "fields": {
            "course": 3,
            "file": "scorm/pervaya-pomosch-chast-1/common/vocabValues.xsd"
        }
    },
    {
        "model": "lessons.scormfile",
        "pk": 26,
        "fields": {
            "course": 3,
            "file": "scorm/pervaya-pomosch-chast-1/extend/strict.xsd"
        }
    },
    {
        "model": "lessons.scormfile",
        "pk": 27,
        "fields": {
            "course": 3,
            "file": "scorm/pervaya-pomosch-chast-1/unique/strict.xsd"
        }
    },
    {
        "model": "lessons.scormfile",
        "pk": 28,
        "fields": {
            "course": 3,
            "file": "scorm/pervaya-pomosch-chast-1/vocab/strict.xsd"
        }
    },
    {
        "model": "lessons.scormfile",
        "pk": 29,
        "fields": {
            "course": 3,
            "file": "scorm/pervaya-pomosch-chast-1/res/lms.js"
        }
    },
    {
        "model": "lessons.scormfile",
        "pk": 30,
        "fields": {
            "course": 3,
            "file": "scorm/pervaya-pomosch-chast-1/imsmanifest.xml"
        }
    },
    {
        "model": "lessons.scormfile",
        "pk": 31,
        "fields": {
            "course": 3,
            "file": "scorm/pervaya-pomosch-chast-1/res/index.html"
        }
    },
    {
        "model": "lessons.scormfile",
        "pk": 32,
        "fields": {
            "course": 3,
            "file": "scorm/pervaya-pomosch-chast-1/res/data/slide1.js"
        }
    },
    {
        "model": "lessons.scormfile",
        "pk": 33,
        "fields": {
            "course": 3,
            "file": "scorm/pervaya-pomosch-chast-1/res/data/slide1.css"
        }
    },
    {
        "model": "lessons.scormfile",
        "pk": 34,
        "fields": {
            "course": 3,
            "file": "scorm/pervaya-pomosch-chast-1/res/data/slide2.js"
        }
    },
    {
        "model": "lessons.scormfile",
        "pk": 35,
        "fields": {
            "course": 3,
            "file": "scorm/pervaya-pomosch-chast-1/res/data/slide2.css"
        }
    },
    {
        "model": "lessons.scormfile",
        "pk": 36,
        "fields": {
            "course": 3,
            "file": "scorm/pervaya-pomosch-chast-1/res/data/slide3.js"
        }
    },
    {
        "model": "lessons.scormfile",
        "pk": 37,
        "fields": {
            "course": 3,
            "file": "scorm/pervaya-pomosch-chast-1/res/data/slide3.css"
        }
    },
    {
        "model": "lessons.scormfile",
        "pk": 38,
        "fields": {
            "course": 3,
            "file": "scorm/pervaya-pomosch-chast-1/res/data/slide4.js"
        }
    },
    {
        "model": "lessons.scormfile",
        "pk": 39,
        "fields": {
            "course": 3,
            "file": "scorm/pervaya-pomosch-chast-1/res/data/slide4.css"
        }
    },
    {
        "model": "lessons.scormfile",
        "pk": 40,
        "fields": {
            "course": 3,
            "file": "scorm/pervaya-pomosch-chast-1/res/data/slide5.js"
        }
    },
    {
        "model": "lessons.scormfile",
        "pk": 41,
        "fields": {
            "course": 3,
            "file": "scorm/pervaya-pomosch-chast-1/res/data/slide5.css"
        }
    },
    {
        "model": "lessons.scormfile",
        "pk": 42,
        "fields": {
            "course": 3,
            "file": "scorm/pervaya-pomosch-chast-1/res/data/slide6.js"
        }
    },
    {
        "model": "lessons.scormfile",
        "pk": 43,
        "fields": {
            "course": 3,
            "file": "scorm/pervaya-pomosch-chast-1/res/data/slide6.css"
        }
    },
    {
        "model": "lessons.scormfile",
        "pk": 44,
        "fields": {
            "course": 3,
            "file": "scorm/pervaya-pomosch-chast-1/res/data/slide7.js"
        }
    },
    {
        "model": "lessons.scormfile",
        "pk": 45,
        "fields": {
            "course": 3,
            "file": "scorm/pervaya-pomosch-chast-1/res/data/slide7.css"
        }
    },
    {
        "model": "lessons.scormfile",
        "pk": 46,
        "fields": {
            "course": 3,
            "file": "scorm/pervaya-pomosch-chast-1/res/data/quiz1.js"
        }
    },
    {
        "model": "lessons.scormfile",
        "pk": 47,
        "fields": {
            "course": 3,
            "file": "scorm/pervaya-pomosch-chast-1/res/data/quiz1/fonts/fnt0.woff"
        }
    },
    {
        "model": "lessons.scormfile",
        "pk": 48,
        "fields": {
            "course": 3,
            "file": "scorm/pervaya-pomosch-chast-1/res/data/quiz1/fonts/fnt1.woff"
        }
    },
    {
        "model": "lessons.scormfile",
        "pk": 49,
        "fields": {
            "course": 3,
            "file": "scorm/pervaya-pomosch-chast-1/res/data/quiz1/fonts/fnt2.woff"
        }
    },
    {
        "model": "lessons.scormfile",
        "pk": 50,
        "fields": {
            "course": 3,
            "file": "scorm/pervaya-pomosch-chast-1/res/data/quiz1/images/b9dd-d17c-c88d-7440.png"
        }
    },
    {
        "model": "lessons.scormfile",
        "pk": 51,
        "fields": {
            "course": 3,
            "file": "scorm/pervaya-pomosch-chast-1/res/data/quiz1/images/quiz_bg_0.png"
        }
    },
    {
        "model": "lessons.scormfile",
        "pk": 52,
        "fields": {
            "course": 3,
            "file": "scorm/pervaya-pomosch-chast-1/res/data/slide9.js"
        }
    },
    {
        "model": "lessons.scormfile",
        "pk": 53,
        "fields": {
            "course": 3,
            "file": "scorm/pervaya-pomosch-chast-1/res/data/slide9.css"
        }
    },
    {
        "model": "lessons.scormfile",
        "pk": 54,
        "fields": {
            "course": 3,
            "file": "scorm/pervaya-pomosch-chast-1/res/data/slide10.js"
        }
    },
    {
        "model": "lessons.scormfile",
        "pk": 55,
        "fields": {
            "course": 3,
            "file": "scorm/pervaya-pomosch-chast-1/res/data/slide10.css"
        }
    },
    {
        "model": "lessons.scormfile",
        "pk": 56,
        "fields": {
            "course": 3,
            "file": "scorm/pervaya-pomosch-chast-1/res/data.local-only/slide10.js"
        }
    },
    {
        "model": "lessons.scormfile",
        "pk": 57,
        "fields": {
            "course": 3,
            "file": "scorm/pervaya-pomosch-chast-1/res/data/quiz2.js"
        }
    },
    {
        "model": "lessons.scormfile",
        "pk": 58,
        "fields": {
            "course": 3,
            "file": "scorm/pervaya-pomosch-chast-1/res/data/quiz2/fonts/fnt0.woff"
        }
    },
    {
        "model": "lessons.scormfile",
        "pk": 59,
        "fields": {
            "course": 3,
            "file": "scorm/pervaya-pomosch-chast-1/res/data/quiz2/fonts/fnt1.woff"
        }
    },
    {
        "model": "lessons.scormfile",
        "pk": 60,
        "fields": {
            "course": 3,
            "file": "scorm/pervaya-pomosch-chast-1/res/data/quiz2/fonts/fnt2.woff"
        }
    },
    {
        "model": "lessons.scormfile",
        "pk": 61,
        "fields": {
            "course": 3,
            "file": "scorm/pervaya-pomosch-chast-1/res/data/quiz2/fonts/fnt3.woff"
        }
    },
    {
        "model": "lessons.scormfile",
        "pk": 62,
        "fields": {
            "course": 3,
            "file": "scorm/pervaya-pomosch-chast-1/res/data/quiz2/images/7c67-3ff7-dbb4-a64a.png"
        }
    },
    {
        "model": "lessons.scormfile",
        "pk": 63,
        "fields": {
            "course": 3,
            "file": "scorm/pervaya-pomosch-chast-1/res/data/quiz2/images/quiz_bg_0.png"
        }
    },
    {
        "model": "lessons.scormfile",
        "pk": 64,
        "fields": {
            "course": 3,
            "file": "scorm/pervaya-pomosch-chast-1/res/data/slide12.js"
        }
    },
    {
        "model": "lessons.scormfile",
        "pk": 65,
        "fields": {
            "course": 3,
            "file": "scorm/pervaya-pomosch-chast-1/res/data/slide12.css"
        }
    },
    {
        "model": "lessons.scormfile",
        "pk": 66,
        "fields": {
            "course": 3,
            "file": "scorm/pervaya-pomosch-chast-1/res/data/slide13.js"
        }
    },
    {
        "model": "lessons.scormfile",
        "pk": 67,
        "fields": {
            "course": 3,
            "file": "scorm/pervaya-pomosch-chast-1/res/data/slide13.css"
        }
    },
    {
        "model": "lessons.scormfile",
        "pk": 68,
        "fields": {
            "course": 3,
            "file": "scorm/pervaya-pomosch-chast-1/res/data/quiz3.js"
        }
    },
    {
        "model": "lessons.scormfile",
        "pk": 69,
        "fields": {
            "course": 3,
            "file": "scorm/pervaya-pomosch-chast-1/res/data/quiz3/fonts/fnt0.woff"
        }
    },
    {
        "model": "lessons.scormfile",
        "pk": 70,
        "fields": {
            "course": 3,
            "file": "scorm/pervaya-pomosch-chast-1/res/data/quiz3/fonts/fnt1.woff"
        }
    },
    {
        "model": "lessons.scormfile",
        "pk": 71,
        "fields": {
            "course": 3,
            "file": "scorm/pervaya-pomosch-chast-1/res/data/quiz3/fonts/fnt2.woff"
        }
    },
    {
        "model": "lessons.scormfile",
        "pk": 72,
        "fields": {
            "course": 3,
            "file": "scorm/pervaya-pomosch-chast-1/res/data/quiz3/fonts/fnt3.woff"
        }
    },
    {
        "model": "lessons.scormfile",
        "pk": 73,
        "fields": {
            "course": 3,
            "file": "scorm/pervaya-pomosch-chast-1/res/data/quiz3/images/img-c7078e0c6c62802cf6e5a341995d182b06c0c48d.jpg"
        }
    },
    {
        "model": "lessons.scormfile",
        "pk": 74,
        "fields": {
            "course": 3,
            "file": "scorm/pervaya-pomosch-chast-1/res/data/quiz3/images/quiz_bg_0.png"
        }
    },
    {
        "model": "lessons.scormfile",
        "pk": 75,
        "fields": {
            "course": 3,
            "file": "scorm/pervaya-pomosch-chast-1/res/data/slide15.js"
        }
    },
    {
        "model": "lessons.scormfile",
        "pk": 76,
        "fields": {
            "course": 3,
            "file": "scorm/pervaya-pomosch-chast-1/res/data/slide15.css"
        }
    },
    {
        "model": "lessons.scormfile",
        "pk": 77,
        "fields": {
            "course": 3,
            "file": "scorm/pervaya-pomosch-chast-1/res/data/slide16.js"
        }
    },
    {
        "model": "lessons.scormfile",
        "pk": 78,
        "fields": {
            "course": 3,
            "file": "scorm/pervaya-pomosch-chast-1/res/data/slide16.css"
        }
    },
    {
        "model": "lessons.scormfile",
        "pk": 79,
        "fields": {
            "course": 3,
            "file": "scorm/pervaya-pomosch-chast-1/res/data/slide17.js"
        }
    },
    {
        "model": "lessons.scormfile",
        "pk": 80,
        "fields": {
            "course": 3,
            "file": "scorm/pervaya-pomosch-chast-1/res/data/slide17.css"
        }
    },
    {
        "model": "lessons.scormfile",
        "pk": 81,
        "fields": {
            "course": 3,
            "file": "scorm/pervaya-pomosch-chast-1/res/data/quiz4.js"
        }
    },
    {
        "model": "lessons.scormfile",
        "pk": 82,
        "fields": {
            "course": 3,
            "file": "scorm/pervaya-pomosch-chast-1/res/data/quiz4/fonts/fnt0.woff"
        }
    },
    {
        "model": "lessons.scormfile",
        "pk": 83,
        "fields": {
            "course": 3,
            "file": "scorm/pervaya-pomosch-chast-1/res/data/quiz4/fonts/fnt1.woff"
        }
    },
    {
        "model": "lessons.scormfile",
        "pk": 84,
        "fields": {
            "course": 3,
            "file": "scorm/pervaya-pomosch-chast-1/res/data/quiz4/fonts/fnt2.woff"
        }
    },
    {
        "model": "lessons.scormfile",
        "pk": 85,
        "fields": {
            "course": 3,
            "file": "scorm/pervaya-pomosch-chast-1/res/data/quiz4/fonts/fnt3.woff"
        }
    },
    {
        "model": "lessons.scormfile",
        "pk": 86,
        "fields": {
            "course": 3,
            "file": "scorm/pervaya-pomosch-chast-1/res/data/quiz4/images/img-1ad098ca1bceeddcff6247526ca1e314c6962c94.jpg"
        }
    },
    {
        "model": "lessons.scormfile",
        "pk": 87,
        "fields": {
            "course": 3,
            "file": "scorm/pervaya-pomosch-chast-1/res/data/quiz4/images/quiz_bg_0.png"
        }
    },
    {
        "model": "lessons.scormfile",
        "pk": 88,
        "fields": {
            "course": 3,
            "file": "scorm/pervaya-pomosch-chast-1/res/data/slide19.js"
        }
    },
    {
        "model": "lessons.scormfile",
        "pk": 89,
        "fields": {
            "course": 3,
            "file": "scorm/pervaya-pomosch-chast-1/res/data/slide19.css"
        }
    },
    {
        "model": "lessons.scormfile",
        "pk": 90,
        "fields": {
            "course": 3,
            "file": "scorm/pervaya-pomosch-chast-1/res/data/quizplayer.js"
        }
    },
    {
        "model": "lessons.scormfile",
        "pk": 91,
        "fields": {
            "course": 3,
            "file": "scorm/pervaya-pomosch-chast-1/res/data/player.js"
        }
    },
    {
        "model": "lessons.scormfile",
        "pk": 92,
        "fields": {
            "course": 3,
            "file": "scorm/pervaya-pomosch-chast-1/res/data/eraser.cur"
        }
    },
    {
        "model": "lessons.scormfile",
        "pk": 93,
        "fields": {
            "course": 3,
            "file": "scorm/pervaya-pomosch-chast-1/res/data/highlighter.cur"
        }
    },
    {
        "model": "lessons.scormfile",
        "pk": 94,
        "fields": {
            "course": 3,
            "file": "scorm/pervaya-pomosch-chast-1/res/data/marker.cur"
        }
    },
    {
        "model": "lessons.scormfile",
        "pk": 95,
        "fields": {
            "course": 3,
            "file": "scorm/pervaya-pomosch-chast-1/res/data/lock.cur"
        }
    },
    {
        "model": "lessons.scormfile",
        "pk": 96,
        "fields": {
            "course": 3,
            "file": "scorm/pervaya-pomosch-chast-1/res/data/browsersupport.js"
        }
    },
    {
        "model": "lessons.scormfile",
        "pk": 97,
        "fields": {
            "course": 3,
            "file": "scorm/pervaya-pomosch-chast-1/res/data/apple-touch-icon.png"
        }
    },
    {
        "model": "lessons.scormfile",
        "pk": 98,
        "fields": {
            "course": 3,
            "file": "scorm/pervaya-pomosch-chast-1/res/data/favicon.ico"
        }
    },
    {
        "model": "lessons.scormfile",
        "pk": 99,
        "fields": {
            "course": 3,
            "file": "scorm/pervaya-pomosch-chast-1/res/data/fnt0.woff"
        }
    },
    {
        "model": "lessons.scormfile",
        "pk": 100,
        "fields": {
            "course": 3,
            "file": "scorm/pervaya-pomosch-chast-1/res/data/fnt1.woff"
        }
    },
    {
        "model": "lessons.scormfile",
        "pk": 101,
        "fields": {
            "course": 3,
            "file": "scorm/pervaya-pomosch-chast-1/res/data/fnt10.woff"
        }
    },
    {
        "model": "lessons.scormfile",
        "pk": 102,
        "fields": {
            "course": 3,
            "file": "scorm/pervaya-pomosch-chast-1/res/data/fnt2.woff"
        }
    },
    {
        "model": "lessons.scormfile",
        "pk": 103,
        "fields": {
            "course": 3,
            "file": "scorm/pervaya-pomosch-chast-1/res/data/fnt3.woff"
        }
    },
    {
        "model": "lessons.scormfile",
        "pk": 104,
        "fields": {
            "course": 3,
            "file": "scorm/pervaya-pomosch-chast-1/res/data/fnt4.woff"
        }
    },
    {
        "model": "lessons.scormfile",
        "pk": 105,
        "fields": {
            "course": 3,
            "file": "scorm/pervaya-pomosch-chast-1/res/data/fnt5.woff"
        }
    },
    {
        "model": "lessons.scormfile",
        "pk": 106,
        "fields": {
            "course": 3,
            "file": "scorm/pervaya-pomosch-chast-1/res/data/fnt6.woff"
        }
    },
    {
        "model": "lessons.scormfile",
        "pk": 107,
        "fields": {
            "course": 3,
            "file": "scorm/pervaya-pomosch-chast-1/res/data/fnt7.woff"
        }
    },
    {
        "model": "lessons.scormfile",
        "pk": 108,
        "fields": {
            "course": 3,
            "file": "scorm/pervaya-pomosch-chast-1/res/data/fnt8.woff"
        }
    },
    {
        "model": "lessons.scormfile",
        "pk": 109,
        "fields": {
            "course": 3,
            "file": "scorm/pervaya-pomosch-chast-1/res/data/fnt9.woff"
        }
    },
    {
        "model": "lessons.scormfile",
        "pk": 110,
        "fields": {
            "course": 3,
            "file": "scorm/pervaya-pomosch-chast-1/res/data/html5-unsupported.html"
        }
    },
    {
        "model": "lessons.scormfile",
        "pk": 111,
        "fields": {
            "course": 3,
            "file": "scorm/pervaya-pomosch-chast-1/res/data/img0.jpg"
        }
    },
    {
        "model": "lessons.scormfile",
        "pk": 112,
        "fields": {
            "course": 3,
            "file": "scorm/pervaya-pomosch-chast-1/res/data/img1.png"
        }
    },
    {
        "model": "lessons.scormfile",
        "pk": 113,
        "fields": {
            "course": 3,
            "file": "scorm/pervaya-pomosch-chast-1/res/data/img10.png"
        }
    },
    {
        "model": "lessons.scormfile",
        "pk": 114,
        "fields": {
            "course": 3,
            "file": "scorm/pervaya-pomosch-chast-1/res/data/img11.jpg"
        }
    },
    {
        "model": "lessons.scormfile",
        "pk": 115,
        "fields": {
            "course": 3,
            "file": "scorm/pervaya-pomosch-chast-1/res/data/img12.jpg"
        }
    },
    {
        "model": "lessons.scormfile",
        "pk": 116,
        "fields": {
            "course": 3,
            "file": "scorm/pervaya-pomosch-chast-1/res/data/img13.jpg"
        }
    },
    {
        "model": "lessons.scormfile",
        "pk": 117,
        "fields": {
            "course": 3,
            "file": "scorm/pervaya-pomosch-chast-1/res/data/img14.jpg"
        }
    },
    {
        "model": "lessons.scormfile",
        "pk": 118,
        "fields": {
            "course": 3,
            "file": "scorm/pervaya-pomosch-chast-1/res/data/img15.jpg"
        }
    },
    {
        "model": "lessons.scormfile",
        "pk": 119,
        "fields": {
            "course": 3,
            "file": "scorm/pervaya-pomosch-chast-1/res/data/img16.png"
        }
    },
    {
        "model": "lessons.scormfile",
        "pk": 120,
        "fields": {
            "course": 3,
            "file": "scorm/pervaya-pomosch-chast-1/res/data/img17.png"
        }
    },
    {
        "model": "lessons.scormfile",
        "pk": 121,
        "fields": {
            "course": 3,
            "file": "scorm/pervaya-pomosch-chast-1/res/data/img18.png"
        }
    },
    {
        "model": "lessons.scormfile",
        "pk": 122,
        "fields": {
            "course": 3,
            "file": "scorm/pervaya-pomosch-chast-1/res/data/img19.png"
        }
    },
    {
        "model": "lessons.scormfile",
        "pk": 123,
        "fields": {
            "course": 3,
            "file": "scorm/pervaya-pomosch-chast-1/res/data/img2.gif"
        }
    },
    {
        "model": "lessons.scormfile",
        "pk": 124,
        "fields": {
            "course": 3,
            "file": "scorm/pervaya-pomosch-chast-1/res/data/img20.png"
        }
    },
    {
        "model": "lessons.scormfile",
        "pk": 125,
        "fields": {
            "course": 3,
            "file": "scorm/pervaya-pomosch-chast-1/res/data/img21.png"
        }
    },
    {
        "model": "lessons.scormfile",
        "pk": 126,
        "fields": {
            "course": 3,
            "file": "scorm/pervaya-pomosch-chast-1/res/data/img22.png"
        }
    },
    {
        "model": "lessons.scormfile",
        "pk": 127,
        "fields": {
            "course": 3,
            "file": "scorm/pervaya-pomosch-chast-1/res/data/img23.png"
        }
    },
    {
        "model": "lessons.scormfile",
        "pk": 128,
        "fields": {
            "course": 3,
            "file": "scorm/pervaya-pomosch-chast-1/res/data/img24.png"
        }
    },
    {
        "model": "lessons.scormfile",
        "pk": 129,
        "fields": {
            "course": 3,
            "file": "scorm/pervaya-pomosch-chast-1/res/data/img3.png"
        }
    },
    {
        "model": "lessons.scormfile",
        "pk": 130,
        "fields": {
            "course": 3,
            "file": "scorm/pervaya-pomosch-chast-1/res/data/img4.png"
        }
    },
    {
        "model": "lessons.scormfile",
        "pk": 131,
        "fields": {
            "course": 3,
            "file": "scorm/pervaya-pomosch-chast-1/res/data/img5.png"
        }
    },
    {
        "model": "lessons.scormfile",
        "pk": 132,
        "fields": {
            "course": 3,
            "file": "scorm/pervaya-pomosch-chast-1/res/data/img6.png"
        }
    },
    {
        "model": "lessons.scormfile",
        "pk": 133,
        "fields": {
            "course": 3,
            "file": "scorm/pervaya-pomosch-chast-1/res/data/img7.png"
        }
    },
    {
        "model": "lessons.scormfile",
        "pk": 134,
        "fields": {
            "course": 3,
            "file": "scorm/pervaya-pomosch-chast-1/res/data/img8.png"
        }
    },
    {
        "model": "lessons.scormfile",
        "pk": 135,
        "fields": {
            "course": 3,
            "file": "scorm/pervaya-pomosch-chast-1/res/data/img9.png"
        }
    },
    {
        "model": "lessons.scormfile",
        "pk": 136,
        "fields": {
            "course": 3,
            "file": "scorm/pervaya-pomosch-chast-1/res/data/quiz_bg_0.png"
        }
    },
    {
        "model": "lessons.scormfile",
        "pk": 137,
        "fields": {
            "course": 3,
            "file": "scorm/pervaya-pomosch-chast-1/res/data/goodbye.html"
        }
    },
    {
        "model": "lessons.scormfile",
        "pk": 138,
        "fields": {
            "course": 4,
            "file": "scorm/pervaya-pomosch-chast-2/adlcp_v1p3.xsd"
        }
    },
    {
        "model": "lessons.scormfile",
        "pk": 139,
        "fields": {
            "course": 4,
            "file": "scorm/pervaya-pomosch-chast-2/adlnav_v1p3.xsd"
        }
    },
    {
        "model": "lessons.scormfile",
        "pk": 140,
        "fields": {
            "course": 4,
            "file": "scorm/pervaya-pomosch-chast-2/adlseq_v1p3.xsd"
        }
    },
    {
        "model": "lessons.scormfile",
        "pk": 141,
        "fields": {
            "course": 4,
            "file": "scorm/pervaya-pomosch-chast-2/common/elementTypes.xsd"
        }
    },
    {
        "model": "lessons.scormfile",
        "pk": 142,
        "fields": {
            "course": 4,
            "file": "scorm/pervaya-pomosch-chast-2/common/dataTypes.xsd"
        }
    },
    {
        "model": "lessons.scormfile",
        "pk": 143,
        "fields": {
            "course": 4,
            "file": "scorm/pervaya-pomosch-chast-2/common/vocabTypes.xsd"
        }
    },
    {
        "model": "lessons.scormfile",
        "pk": 144,
        "fields": {
            "course": 4,
            "file": "scorm/pervaya-pomosch-chast-2/common/rootElement.xsd"
        }
    },
    {
        "model": "lessons.scormfile",
        "pk": 145,
        "fields": {
            "course": 4,
            "file": "scorm/pervaya-pomosch-chast-2/common/elementNames.xsd"
        }
    },
    {
        "model": "lessons.scormfile",
        "pk": 146,
        "fields": {
            "course": 4,
            "file": "scorm/pervaya-pomosch-chast-2/common/vocabValues.xsd"
        }
    },
    {
        "model": "lessons.scormfile",
        "pk": 147,
        "fields": {
            "course": 4,
            "file": "scorm/pervaya-pomosch-chast-2/common/anyElement.xsd"
        }
    },
    {
        "model": "lessons.scormfile",
        "pk": 148,
        "fields": {
            "course": 4,
            "file": "scorm/pervaya-pomosch-chast-2/datatypes.dtd"
        }
    },
    {
        "model": "lessons.scormfile",
        "pk": 149,
        "fields": {
            "course": 4,
            "file": "scorm/pervaya-pomosch-chast-2/extend/strict.xsd"
        }
    },
    {
        "model": "lessons.scormfile",
        "pk": 150,
        "fields": {
            "course": 4,
            "file": "scorm/pervaya-pomosch-chast-2/imscp_v1p1.xsd"
        }
    },
    {
        "model": "lessons.scormfile",
        "pk": 151,
        "fields": {
            "course": 4,
            "file": "scorm/pervaya-pomosch-chast-2/imsmanifest.xml"
        }
    },
    {
        "model": "lessons.scormfile",
        "pk": 152,
        "fields": {
            "course": 4,
            "file": "scorm/pervaya-pomosch-chast-2/__MACOSX/._imsmanifest.xml"
        }
    },
    {
        "model": "lessons.scormfile",
        "pk": 153,
        "fields": {
            "course": 4,
            "file": "scorm/pervaya-pomosch-chast-2/imsss_v1p0.xsd"
        }
    },
    {
        "model": "lessons.scormfile",
        "pk": 154,
        "fields": {
            "course": 4,
            "file": "scorm/pervaya-pomosch-chast-2/imsss_v1p0auxresource.xsd"
        }
    },
    {
        "model": "lessons.scormfile",
        "pk": 155,
        "fields": {
            "course": 4,
            "file": "scorm/pervaya-pomosch-chast-2/imsss_v1p0control.xsd"
        }
    },
    {
        "model": "lessons.scormfile",
        "pk": 156,
        "fields": {
            "course": 4,
            "file": "scorm/pervaya-pomosch-chast-2/imsss_v1p0delivery.xsd"
        }
    },
    {
        "model": "lessons.scormfile",
        "pk": 157,
        "fields": {
            "course": 4,
            "file": "scorm/pervaya-pomosch-chast-2/imsss_v1p0limit.xsd"
        }
    },
    {
        "model": "lessons.scormfile",
        "pk": 158,
        "fields": {
            "course": 4,
            "file": "scorm/pervaya-pomosch-chast-2/imsss_v1p0objective.xsd"
        }
    },
    {
        "model": "lessons.scormfile",
        "pk": 159,
        "fields": {
            "course": 4,
            "file": "scorm/pervaya-pomosch-chast-2/imsss_v1p0random.xsd"
        }
    },
    {
        "model": "lessons.scormfile",
        "pk": 160,
        "fields": {
            "course": 4,
            "file": "scorm/pervaya-pomosch-chast-2/imsss_v1p0rollup.xsd"
        }
    },
    {
        "model": "lessons.scormfile",
        "pk": 161,
        "fields": {
            "course": 4,
            "file": "scorm/pervaya-pomosch-chast-2/imsss_v1p0seqrule.xsd"
        }
    },
    {
        "model": "lessons.scormfile",
        "pk": 162,
        "fields": {
            "course": 4,
            "file": "scorm/pervaya-pomosch-chast-2/imsss_v1p0util.xsd"
        }
    },
    {
        "model": "lessons.scormfile",
        "pk": 163,
        "fields": {
            "course": 4,
            "file": "scorm/pervaya-pomosch-chast-2/lom.xsd"
        }
    },
    {
        "model": "lessons.scormfile",
        "pk": 164,
        "fields": {
            "course": 4,
            "file": "scorm/pervaya-pomosch-chast-2/res/index.html"
        }
    },
    {
        "model": "lessons.scormfile",
        "pk": 165,
        "fields": {
            "course": 4,
            "file": "scorm/pervaya-pomosch-chast-2/res/.DS_Store"
        }
    },
    {
        "model": "lessons.scormfile",
        "pk": 166,
        "fields": {
            "course": 4,
            "file": "scorm/pervaya-pomosch-chast-2/__MACOSX/res/._.DS_Store"
        }
    },
    {
        "model": "lessons.scormfile",
        "pk": 167,
        "fields": {
            "course": 4,
            "file": "scorm/pervaya-pomosch-chast-2/res/lms.js"
        }
    },
    {
        "model": "lessons.scormfile",
        "pk": 168,
        "fields": {
            "course": 4,
            "file": "scorm/pervaya-pomosch-chast-2/res/data.local-only/slide10.js"
        }
    },
    {
        "model": "lessons.scormfile",
        "pk": 169,
        "fields": {
            "course": 4,
            "file": "scorm/pervaya-pomosch-chast-2/res/data/img22.png"
        }
    },
    {
        "model": "lessons.scormfile",
        "pk": 170,
        "fields": {
            "course": 4,
            "file": "scorm/pervaya-pomosch-chast-2/res/data/slide16.css"
        }
    },
    {
        "model": "lessons.scormfile",
        "pk": 171,
        "fields": {
            "course": 4,
            "file": "scorm/pervaya-pomosch-chast-2/res/data/highlighter.cur"
        }
    },
    {
        "model": "lessons.scormfile",
        "pk": 172,
        "fields": {
            "course": 4,
            "file": "scorm/pervaya-pomosch-chast-2/res/data/slide17.css"
        }
    },
    {
        "model": "lessons.scormfile",
        "pk": 173,
        "fields": {
            "course": 4,
            "file": "scorm/pervaya-pomosch-chast-2/res/data/img23.png"
        }
    },
    {
        "model": "lessons.scormfile",
        "pk": 174,
        "fields": {
            "course": 4,
            "file": "scorm/pervaya-pomosch-chast-2/res/data/img21.png"
        }
    },
    {
        "model": "lessons.scormfile",
        "pk": 175,
        "fields": {
            "course": 4,
            "file": "scorm/pervaya-pomosch-chast-2/res/data/slide15.css"
        }
    },
    {
        "model": "lessons.scormfile",
        "pk": 176,
        "fields": {
            "course": 4,
            "file": "scorm/pervaya-pomosch-chast-2/res/data/img20.png"
        }
    },
    {
        "model": "lessons.scormfile",
        "pk": 177,
        "fields": {
            "course": 4,
            "file": "scorm/pervaya-pomosch-chast-2/res/data/fnt0.woff"
        }
    },
    {
        "model": "lessons.scormfile",
        "pk": 178,
        "fields": {
            "course": 4,
            "file": "scorm/pervaya-pomosch-chast-2/res/data/favicon.ico"
        }
    },
    {
        "model": "lessons.scormfile",
        "pk": 179,
        "fields": {
            "course": 4,
            "file": "scorm/pervaya-pomosch-chast-2/res/data/img24.png"
        }
    },
    {
        "model": "lessons.scormfile",
        "pk": 180,
        "fields": {
            "course": 4,
            "file": "scorm/pervaya-pomosch-chast-2/res/data/fnt1.woff"
        }
    },
    {
        "model": "lessons.scormfile",
        "pk": 181,
        "fields": {
            "course": 4,
            "file": "scorm/pervaya-pomosch-chast-2/res/data/img18.png"
        }
    },
    {
        "model": "lessons.scormfile",
        "pk": 182,
        "fields": {
            "course": 4,
            "file": "scorm/pervaya-pomosch-chast-2/res/data/slide10.css"
        }
    },
    {
        "model": "lessons.scormfile",
        "pk": 183,
        "fields": {
            "course": 4,
            "file": "scorm/pervaya-pomosch-chast-2/res/data/.DS_Store"
        }
    },
    {
        "model": "lessons.scormfile",
        "pk": 184,
        "fields": {
            "course": 4,
            "file": "scorm/pervaya-pomosch-chast-2/__MACOSX/res/data/._.DS_Store"
        }
    },
    {
        "model": "lessons.scormfile",
        "pk": 185,
        "fields": {
            "course": 4,
            "file": "scorm/pervaya-pomosch-chast-2/res/data/img2.gif"
        }
    },
    {
        "model": "lessons.scormfile",
        "pk": 186,
        "fields": {
            "course": 4,
            "file": "scorm/pervaya-pomosch-chast-2/res/data/img19.png"
        }
    },
    {
        "model": "lessons.scormfile",
        "pk": 187,
        "fields": {
            "course": 4,
            "file": "scorm/pervaya-pomosch-chast-2/res/data/marker.cur"
        }
    },
    {
        "model": "lessons.scormfile",
        "pk": 188,
        "fields": {
            "course": 4,
            "file": "scorm/pervaya-pomosch-chast-2/res/data/apple-touch-icon.png"
        }
    },
    {
        "model": "lessons.scormfile",
        "pk": 189,
        "fields": {
            "course": 4,
            "file": "scorm/pervaya-pomosch-chast-2/res/data/slide13.css"
        }
    },
    {
        "model": "lessons.scormfile",
        "pk": 190,
        "fields": {
            "course": 4,
            "file": "scorm/pervaya-pomosch-chast-2/res/data/slide12.css"
        }
    },
    {
        "model": "lessons.scormfile",
        "pk": 191,
        "fields": {
            "course": 4,
            "file": "scorm/pervaya-pomosch-chast-2/res/data/slide19.js"
        }
    },
    {
        "model": "lessons.scormfile",
        "pk": 192,
        "fields": {
            "course": 4,
            "file": "scorm/pervaya-pomosch-chast-2/res/data/goodbye.html"
        }
    },
    {
        "model": "lessons.scormfile",
        "pk": 193,
        "fields": {
            "course": 4,
            "file": "scorm/pervaya-pomosch-chast-2/res/data/quiz1.js"
        }
    },
    {
        "model": "lessons.scormfile",
        "pk": 194,
        "fields": {
            "course": 4,
            "file": "scorm/pervaya-pomosch-chast-2/res/data/slide3.css"
        }
    },
    {
        "model": "lessons.scormfile",
        "pk": 195,
        "fields": {
            "course": 4,
            "file": "scorm/pervaya-pomosch-chast-2/res/data/slide5.js"
        }
    },
    {
        "model": "lessons.scormfile",
        "pk": 196,
        "fields": {
            "course": 4,
            "file": "scorm/pervaya-pomosch-chast-2/res/data/slide12.js"
        }
    },
    {
        "model": "lessons.scormfile",
        "pk": 197,
        "fields": {
            "course": 4,
            "file": "scorm/pervaya-pomosch-chast-2/res/data/slide2.css"
        }
    },
    {
        "model": "lessons.scormfile",
        "pk": 198,
        "fields": {
            "course": 4,
            "file": "scorm/pervaya-pomosch-chast-2/res/data/fnt6.woff"
        }
    },
    {
        "model": "lessons.scormfile",
        "pk": 199,
        "fields": {
            "course": 4,
            "file": "scorm/pervaya-pomosch-chast-2/res/data/slide1.js"
        }
    },
    {
        "model": "lessons.scormfile",
        "pk": 200,
        "fields": {
            "course": 4,
            "file": "scorm/pervaya-pomosch-chast-2/res/data/slide16.js"
        }
    },
    {
        "model": "lessons.scormfile",
        "pk": 201,
        "fields": {
            "course": 4,
            "file": "scorm/pervaya-pomosch-chast-2/res/data/slide1.css"
        }
    },
    {
        "model": "lessons.scormfile",
        "pk": 202,
        "fields": {
            "course": 4,
            "file": "scorm/pervaya-pomosch-chast-2/res/data/slide5.css"
        }
    },
    {
        "model": "lessons.scormfile",
        "pk": 203,
        "fields": {
            "course": 4,
            "file": "scorm/pervaya-pomosch-chast-2/res/data/quiz4.js"
        }
    },
    {
        "model": "lessons.scormfile",
        "pk": 204,
        "fields": {
            "course": 4,
            "file": "scorm/pervaya-pomosch-chast-2/res/data/slide17.js"
        }
    },
    {
        "model": "lessons.scormfile",
        "pk": 205,
        "fields": {
            "course": 4,
            "file": "scorm/pervaya-pomosch-chast-2/res/data/slide4.css"
        }
    },
    {
        "model": "lessons.scormfile",
        "pk": 206,
        "fields": {
            "course": 4,
            "file": "scorm/pervaya-pomosch-chast-2/res/data/slide6.css"
        }
    },
    {
        "model": "lessons.scormfile",
        "pk": 207,
        "fields": {
            "course": 4,
            "file": "scorm/pervaya-pomosch-chast-2/res/data/fnt7.woff"
        }
    },
    {
        "model": "lessons.scormfile",
        "pk": 208,
        "fields": {
            "course": 4,
            "file": "scorm/pervaya-pomosch-chast-2/res/data/img9.png"
        }
    },
    {
        "model": "lessons.scormfile",
        "pk": 209,
        "fields": {
            "course": 4,
            "file": "scorm/pervaya-pomosch-chast-2/res/data/slide4.js"
        }
    },
    {
        "model": "lessons.scormfile",
        "pk": 210,
        "fields": {
            "course": 4,
            "file": "scorm/pervaya-pomosch-chast-2/res/data/slide13.js"
        }
    },
    {
        "model": "lessons.scormfile",
        "pk": 211,
        "fields": {
            "course": 4,
            "file": "scorm/pervaya-pomosch-chast-2/res/data/img8.png"
        }
    },
    {
        "model": "lessons.scormfile",
        "pk": 212,
        "fields": {
            "course": 4,
            "file": "scorm/pervaya-pomosch-chast-2/res/data/quiz_bg_0.png"
        }
    },
    {
        "model": "lessons.scormfile",
        "pk": 213,
        "fields": {
            "course": 4,
            "file": "scorm/pervaya-pomosch-chast-2/res/data/slide7.css"
        }
    },
    {
        "model": "lessons.scormfile",
        "pk": 214,
        "fields": {
            "course": 4,
            "file": "scorm/pervaya-pomosch-chast-2/res/data/fnt4.woff"
        }
    },
    {
        "model": "lessons.scormfile",
        "pk": 215,
        "fields": {
            "course": 4,
            "file": "scorm/pervaya-pomosch-chast-2/res/data/slide3.js"
        }
    },
    {
        "model": "lessons.scormfile",
        "pk": 216,
        "fields": {
            "course": 4,
            "file": "scorm/pervaya-pomosch-chast-2/res/data/img5.png"
        }
    },
    {
        "model": "lessons.scormfile",
        "pk": 217,
        "fields": {
            "course": 4,
            "file": "scorm/pervaya-pomosch-chast-2/res/data/img4.png"
        }
    },
    {
        "model": "lessons.scormfile",
        "pk": 218,
        "fields": {
            "course": 4,
            "file": "scorm/pervaya-pomosch-chast-2/res/data/fnt8.woff"
        }
    },
    {
        "model": "lessons.scormfile",
        "pk": 219,
        "fields": {
            "course": 4,
            "file": "scorm/pervaya-pomosch-chast-2/res/data/slide9.css"
        }
    },
    {
        "model": "lessons.scormfile",
        "pk": 220,
        "fields": {
            "course": 4,
            "file": "scorm/pervaya-pomosch-chast-2/res/data/quiz3.js"
        }
    },
    {
        "model": "lessons.scormfile",
        "pk": 221,
        "fields": {
            "course": 4,
            "file": "scorm/pervaya-pomosch-chast-2/res/data/img6.png"
        }
    },
    {
        "model": "lessons.scormfile",
        "pk": 222,
        "fields": {
            "course": 4,
            "file": "scorm/pervaya-pomosch-chast-2/res/data/slide7.js"
        }
    },
    {
        "model": "lessons.scormfile",
        "pk": 223,
        "fields": {
            "course": 4,
            "file": "scorm/pervaya-pomosch-chast-2/res/data/slide10.js"
        }
    },
    {
        "model": "lessons.scormfile",
        "pk": 224,
        "fields": {
            "course": 4,
            "file": "scorm/pervaya-pomosch-chast-2/res/data/html5-unsupported.html"
        }
    },
    {
        "model": "lessons.scormfile",
        "pk": 225,
        "fields": {
            "course": 4,
            "file": "scorm/pervaya-pomosch-chast-2/res/data/img7.png"
        }
    },
    {
        "model": "lessons.scormfile",
        "pk": 226,
        "fields": {
            "course": 4,
            "file": "scorm/pervaya-pomosch-chast-2/res/data/quiz2.js"
        }
    },
    {
        "model": "lessons.scormfile",
        "pk": 227,
        "fields": {
            "course": 4,
            "file": "scorm/pervaya-pomosch-chast-2/res/data/img3.png"
        }
    },
    {
        "model": "lessons.scormfile",
        "pk": 228,
        "fields": {
            "course": 4,
            "file": "scorm/pervaya-pomosch-chast-2/res/data/slide6.js"
        }
    },
    {
        "model": "lessons.scormfile",
        "pk": 229,
        "fields": {
            "course": 4,
            "file": "scorm/pervaya-pomosch-chast-2/res/data/fnt9.woff"
        }
    },
    {
        "model": "lessons.scormfile",
        "pk": 230,
        "fields": {
            "course": 4,
            "file": "scorm/pervaya-pomosch-chast-2/res/data/quizplayer.js"
        }
    },
    {
        "model": "lessons.scormfile",
        "pk": 231,
        "fields": {
            "course": 4,
            "file": "scorm/pervaya-pomosch-chast-2/res/data/slide2.js"
        }
    },
    {
        "model": "lessons.scormfile",
        "pk": 232,
        "fields": {
            "course": 4,
            "file": "scorm/pervaya-pomosch-chast-2/res/data/img0.jpg"
        }
    },
    {
        "model": "lessons.scormfile",
        "pk": 233,
        "fields": {
            "course": 4,
            "file": "scorm/pervaya-pomosch-chast-2/res/data/fnt10.woff"
        }
    },
    {
        "model": "lessons.scormfile",
        "pk": 234,
        "fields": {
            "course": 4,
            "file": "scorm/pervaya-pomosch-chast-2/res/data/slide15.js"
        }
    },
    {
        "model": "lessons.scormfile",
        "pk": 235,
        "fields": {
            "course": 4,
            "file": "scorm/pervaya-pomosch-chast-2/res/data/img1.png"
        }
    },
    {
        "model": "lessons.scormfile",
        "pk": 236,
        "fields": {
            "course": 4,
            "file": "scorm/pervaya-pomosch-chast-2/res/data/eraser.cur"
        }
    },
    {
        "model": "lessons.scormfile",
        "pk": 237,
        "fields": {
            "course": 4,
            "file": "scorm/pervaya-pomosch-chast-2/res/data/fnt5.woff"
        }
    },
    {
        "model": "lessons.scormfile",
        "pk": 238,
        "fields": {
            "course": 4,
            "file": "scorm/pervaya-pomosch-chast-2/res/data/slide9.js"
        }
    },
    {
        "model": "lessons.scormfile",
        "pk": 239,
        "fields": {
            "course": 4,
            "file": "scorm/pervaya-pomosch-chast-2/res/data/img17.png"
        }
    },
    {
        "model": "lessons.scormfile",
        "pk": 240,
        "fields": {
            "course": 4,
            "file": "scorm/pervaya-pomosch-chast-2/res/data/player.js"
        }
    },
    {
        "model": "lessons.scormfile",
        "pk": 241,
        "fields": {
            "course": 4,
            "file": "scorm/pervaya-pomosch-chast-2/res/data/img16.png"
        }
    },
    {
        "model": "lessons.scormfile",
        "pk": 242,
        "fields": {
            "course": 4,
            "file": "scorm/pervaya-pomosch-chast-2/res/data/fnt2.woff"
        }
    },
    {
        "model": "lessons.scormfile",
        "pk": 243,
        "fields": {
            "course": 4,
            "file": "scorm/pervaya-pomosch-chast-2/res/data/img14.jpg"
        }
    },
    {
        "model": "lessons.scormfile",
        "pk": 244,
        "fields": {
            "course": 4,
            "file": "scorm/pervaya-pomosch-chast-2/res/data/img15.jpg"
        }
    },
    {
        "model": "lessons.scormfile",
        "pk": 245,
        "fields": {
            "course": 4,
            "file": "scorm/pervaya-pomosch-chast-2/res/data/img11.jpg"
        }
    },
    {
        "model": "lessons.scormfile",
        "pk": 246,
        "fields": {
            "course": 4,
            "file": "scorm/pervaya-pomosch-chast-2/res/data/slide19.css"
        }
    },
    {
        "model": "lessons.scormfile",
        "pk": 247,
        "fields": {
            "course": 4,
            "file": "scorm/pervaya-pomosch-chast-2/res/data/browsersupport.js"
        }
    },
    {
        "model": "lessons.scormfile",
        "pk": 248,
        "fields": {
            "course": 4,
            "file": "scorm/pervaya-pomosch-chast-2/res/data/fnt3.woff"
        }
    },
    {
        "model": "lessons.scormfile",
        "pk": 249,
        "fields": {
            "course": 4,
            "file": "scorm/pervaya-pomosch-chast-2/res/data/img10.png"
        }
    },
    {
        "model": "lessons.scormfile",
        "pk": 250,
        "fields": {
            "course": 4,
            "file": "scorm/pervaya-pomosch-chast-2/res/data/img12.jpg"
        }
    },
    {
        "model": "lessons.scormfile",
        "pk": 251,
        "fields": {
            "course": 4,
            "file": "scorm/pervaya-pomosch-chast-2/res/data/lock.cur"
        }
    },
    {
        "model": "lessons.scormfile",
        "pk": 252,
        "fields": {
            "course": 4,
            "file": "scorm/pervaya-pomosch-chast-2/res/data/img13.jpg"
        }
    },
    {
        "model": "lessons.scormfile",
        "pk": 253,
        "fields": {
            "course": 4,
            "file": "scorm/pervaya-pomosch-chast-2/res/data/quiz1/images/b9dd-d17c-c88d-7440.png"
        }
    },
    {
        "model": "lessons.scormfile",
        "pk": 254,
        "fields": {
            "course": 4,
            "file": "scorm/pervaya-pomosch-chast-2/res/data/quiz1/images/quiz_bg_0.png"
        }
    },
    {
        "model": "lessons.scormfile",
        "pk": 255,
        "fields": {
            "course": 4,
            "file": "scorm/pervaya-pomosch-chast-2/res/data/quiz1/fonts/fnt0.woff"
        }
    },
    {
        "model": "lessons.scormfile",
        "pk": 256,
        "fields": {
            "course": 4,
            "file": "scorm/pervaya-pomosch-chast-2/res/data/quiz1/fonts/fnt1.woff"
        }
    },
    {
        "model": "lessons.scormfile",
        "pk": 257,
        "fields": {
            "course": 4,
            "file": "scorm/pervaya-pomosch-chast-2/res/data/quiz1/fonts/fnt2.woff"
        }
    },
    {
        "model": "lessons.scormfile",
        "pk": 258,
        "fields": {
            "course": 4,
            "file": "scorm/pervaya-pomosch-chast-2/res/data/quiz2/images/7c67-3ff7-dbb4-a64a.png"
        }
    },
    {
        "model": "lessons.scormfile",
        "pk": 259,
        "fields": {
            "course": 4,
            "file": "scorm/pervaya-pomosch-chast-2/res/data/quiz2/images/quiz_bg_0.png"
        }
    },
    {
        "model": "lessons.scormfile",
        "pk": 260,
        "fields": {
            "course": 4,
            "file": "scorm/pervaya-pomosch-chast-2/res/data/quiz2/fonts/fnt0.woff"
        }
    },
    {
        "model": "lessons.scormfile",
        "pk": 261,
        "fields": {
            "course": 4,
            "file": "scorm/pervaya-pomosch-chast-2/res/data/quiz2/fonts/fnt1.woff"
        }
    },
    {
        "model": "lessons.scormfile",
        "pk": 262,
        "fields": {
            "course": 4,
            "file": "scorm/pervaya-pomosch-chast-2/res/data/quiz2/fonts/fnt2.woff"
        }
    },
    {
        "model": "lessons.scormfile",
        "pk": 263,
        "fields": {
            "course": 4,
            "file": "scorm/pervaya-pomosch-chast-2/res/data/quiz2/fonts/fnt3.woff"
        }
    },
    {
        "model": "lessons.scormfile",
        "pk": 264,
        "fields": {
            "course": 4,
            "file": "scorm/pervaya-pomosch-chast-2/res/data/quiz3/images/img-c7078e0c6c62802cf6e5a341995d182b06c0c48d.jpg"
        }
    },
    {
        "model": "lessons.scormfile",
        "pk": 265,
        "fields": {
            "course": 4,
            "file": "scorm/pervaya-pomosch-chast-2/res/data/quiz3/images/quiz_bg_0.png"
        }
    },
    {
        "model": "lessons.scormfile",
        "pk": 266,
        "fields": {
            "course": 4,
            "file": "scorm/pervaya-pomosch-chast-2/res/data/quiz3/fonts/fnt0.woff"
        }
    },
    {
        "model": "lessons.scormfile",
        "pk": 267,
        "fields": {
            "course": 4,
            "file": "scorm/pervaya-pomosch-chast-2/res/data/quiz3/fonts/fnt1.woff"
        }
    },
    {
        "model": "lessons.scormfile",
        "pk": 268,
        "fields": {
            "course": 4,
            "file": "scorm/pervaya-pomosch-chast-2/res/data/quiz3/fonts/fnt2.woff"
        }
    },
    {
        "model": "lessons.scormfile",
        "pk": 269,
        "fields": {
            "course": 4,
            "file": "scorm/pervaya-pomosch-chast-2/res/data/quiz3/fonts/fnt3.woff"
        }
    },
    {
        "model": "lessons.scormfile",
        "pk": 270,
        "fields": {
            "course": 4,
            "file": "scorm/pervaya-pomosch-chast-2/res/data/quiz4/images/img-1ad098ca1bceeddcff6247526ca1e314c6962c94.jpg"
        }
    },
    {
        "model": "lessons.scormfile",
        "pk": 271,
        "fields": {
            "course": 4,
            "file": "scorm/pervaya-pomosch-chast-2/res/data/quiz4/images/quiz_bg_0.png"
        }
    },
    {
        "model": "lessons.scormfile",
        "pk": 272,
        "fields": {
            "course": 4,
            "file": "scorm/pervaya-pomosch-chast-2/res/data/quiz4/fonts/fnt0.woff"
        }
    },
    {
        "model": "lessons.scormfile",
        "pk": 273,
        "fields": {
            "course": 4,
            "file": "scorm/pervaya-pomosch-chast-2/res/data/quiz4/fonts/fnt1.woff"
        }
    },
    {
        "model": "lessons.scormfile",
        "pk": 274,
        "fields": {
            "course": 4,
            "file": "scorm/pervaya-pomosch-chast-2/res/data/quiz4/fonts/fnt2.woff"
        }
    },
    {
        "model": "lessons.scormfile",
        "pk": 275,
        "fields": {
            "course": 4,
            "file": "scorm/pervaya-pomosch-chast-2/res/data/quiz4/fonts/fnt3.woff"
        }
    },
    {
        "model": "lessons.scormfile",
        "pk": 276,
        "fields": {
            "course": 4,
            "file": "scorm/pervaya-pomosch-chast-2/unique/strict.xsd"
        }
    },
    {
        "model": "lessons.scormfile",
        "pk": 277,
        "fields": {
            "course": 4,
            "file": "scorm/pervaya-pomosch-chast-2/vocab/strict.xsd"
        }
    },
    {
        "model": "lessons.scormfile",
        "pk": 278,
        "fields": {
            "course": 4,
            "file": "scorm/pervaya-pomosch-chast-2/xml.xsd"
        }
    },
    {
        "model": "lessons.scormfile",
        "pk": 279,
        "fields": {
            "course": 4,
            "file": "scorm/pervaya-pomosch-chast-2/XMLSchema.dtd"
        }
    },
    {
        "model": "lessons.lesson",
        "pk": 1,
        "fields": {
            "name": "Самый крутой урок",
            "serial": 1,
            "course": 1
        }
    },
    {
        "model": "lessons.lesson",
        "pk": 2,
        "fields": {
            "name": "Еще Лучше Урок",
            "serial": 2,
            "course": 1
        }
    },
    {
        "model": "lessons.lesson",
        "pk": 3,
        "fields": {
            "name": "Какой то урок",
            "serial": 1,
            "course": 2
        }
    },
    {
        "model": "lessons.lesson",
        "pk": 4,
        "fields": {
            "name": "Какой то еще урок",
            "serial": 2,
            "course": 2
        }
    },
    {
        "model": "lessons.step",
        "pk": 1,
        "fields": {
            "title": "Шаг 1",
            "content_text": "Какой то тут контент",
            "serial": 1,
            "lesson": 1
        }
    },
    {
        "model": "lessons.step",
        "pk": 2,
        "fields": {
            "title": "Шаг 2",
            "content_text": "Хороший контент",
            "serial": 2,
            "lesson": 1
        }
    },
    {
        "model": "lessons.step",
        "pk": 3,
        "fields": {
            "title": "Какой то шаг",
            "content_text": "Кокой то контент для шага",
            "serial": 1,
            "lesson": 3
        }
    },
    {
        "model": "lessons.step",
        "pk": 4,
        "fields": {
            "title": "Еще какой то шаг",
            "content_text": "Еще какой то контент",
            "serial": 1,
            "lesson": 4
        }
    },
    {
        "model": "lessons.contentattachment",
        "pk": 1,
        "fields": {
            "file": "content_attachment/Kakoy_to_shag/sample-5s.mp4",
            "file_type": "Video",
            "step": 3
        }
    },
    {
        "model": "lessons.contentattachment",
        "pk": 2,
        "fields": {
            "file": "content_attachment/Shag_1/sample-10s.mp4",
            "file_type": "Video",
            "step": 1
        }
    },
    {
        "model": "lessons.testblock",
        "pk": 1,
        "fields": {
            "lesson": null
        }
    },
    {
        "model": "lessons.testblock",
        "pk": 2,
        "fields": {
            "lesson": 1
        }
    },
    {
        "model": "lessons.testblock",
        "pk": 3,
        "fields": {
            "lesson": 4
        }
    },
    {
        "model": "lessons.question",
        "pk": 1,
        "fields": {
            "text": "Кто ты такой?",
            "image": "",
            "test_block": 1
        }
    },
    {
        "model": "lessons.question",
        "pk": 2,
        "fields": {
            "text": "Когда закончим?",
            "image": "",
            "test_block": 1
        }
    },
    {
        "model": "lessons.question",
        "pk": 3,
        "fields": {
            "text": "Крутой вопрос",
            "image": "",
            "test_block": 2
        }
    },
    {
        "model": "lessons.question",
        "pk": 4,
        "fields": {
            "text": "Какой то вопрос",
            "image": "question/Какой то в/49_picture_66eaed78.jpg",
            "test_block": 3
        }
    },
    {
        "model": "lessons.answer",
        "pk": 1,
        "fields": {
            "text": "Питонист",
            "correct": false,
            "question": 1
        }
    },
    {
        "model": "lessons.answer",
        "pk": 2,
        "fields": {
            "text": "Фронт",
            "correct": false,
            "question": 1
        }
    },
    {
        "model": "lessons.answer",
        "pk": 3,
        "fields": {
            "text": "Человек",
            "correct": true,
            "question": 1
        }
    },
    {
        "model": "lessons.answer",
        "pk": 4,
        "fields": {
            "text": "Инопланетянин",
            "correct": true,
            "question": 1
        }
    },
    {
        "model": "lessons.answer",
        "pk": 5,
        "fields": {
            "text": "Да, хз",
            "correct": false,
            "question": 2
        }
    },
    {
        "model": "lessons.answer",
        "pk": 6,
        "fields": {
            "text": "Завтра",
            "correct": false,
            "question": 2
        }
    },
    {
        "model": "lessons.answer",
        "pk": 7,
        "fields": {
            "text": "Через неделю",
            "correct": false,
            "question": 2
        }
    },
    {
        "model": "lessons.answer",
        "pk": 8,
        "fields": {
            "text": "Через 2 недели",
            "correct": true,
            "question": 2
        }
    },
    {
        "model": "lessons.answer",
        "pk": 9,
        "fields": {
            "text": "Крутой ответ",
            "correct": true,
            "question": 3
        }
    },
    {
        "model": "lessons.answer",
        "pk": 10,
        "fields": {
            "text": "Хороший ответ",
            "correct": false,
            "question": 3
        }
    },
    {
        "model": "lessons.answer",
        "pk": 11,
        "fields": {
            "text": "Не очень ответ",
            "correct": false,
            "question": 3
        }
    },
    {
        "model": "lessons.answer",
        "pk": 12,
        "fields": {
            "text": "Какой то ответ",
            "correct": true,
            "question": 4
        }
    },
    {
        "model": "lessons.answer",
        "pk": 13,
        "fields": {
            "text": "Еще какой то ответ",
            "correct": false,
            "question": 4
        }
    },
    {
        "model": "users.profession",
        "pk": 1,
        "fields": {
            "en_name": "admin",
            "ru_name": "админ"
        }
    },
    {
        "model": "users.profession",
        "pk": 2,
        "fields": {
            "en_name": "Builder",
            "ru_name": "Строитель"
        }
    },
    {
        "model": "users.user",
        "pk": 1,
        "fields": {
            "password": "pbkdf2_sha256$870000$ofpvZtUzC2ussdeThMQZDi$kd908xHVD4Gus40uz4t4yLpsuQ/EsYnwmFuUL8eifAs=",
            "is_superuser": true,
            "email": "admin@admin.com",
            "is_staff": true,
            "is_active": true,
            "is_verified": true,
            "first_name": "Vasia",
            "last_name": "Petechkin",
            "date_joined": "2025-03-17T06:12:30.791Z",
            "last_login": "2025-04-10T17:10:50.083Z",
            "date_commencement": "2024-01-01",
            "profession": 1,
            "groups": [],
            "user_permissions": []
        }
    },
    {
        "model": "users.user",
        "pk": 2,
        "fields": {
            "password": "pbkdf2_sha256$870000$DonqVrVvapUROtVYqQARBu$54hlfk6iYSksSW5bwBKOTO+w/vjhvEGICsPiaU3UyGY=",
            "is_superuser": false,
            "email": "y@mail.ru",
            "is_staff": false,
            "is_active": true,
            "is_verified": true,
            "first_name": "Alex",
            "last_name": "Martira",
            "date_joined": "2025-03-21T17:51:25.332Z",
            "last_login": "2025-03-27T16:50:01.552Z",
            "date_commencement": "2025-03-21",
            "profession": 2,
            "groups": [
                1
            ],
            "user_permissions": []
        }
    },
    {
        "model": "users.profile",
        "pk": 1,
        "fields": {
            "user": 2,
            "phone": null,
            "image": "",
            "date_birthday": null
        }
    },
    {
        "model": "users.workexperience",
        "pk": 2,
        "fields": {
            "years": 1
        }
    },
    {
        "model": "users.workexperience",
        "pk": 3,
        "fields": {
            "years": 2
        }
    },
    {
        "model": "users.workexperience",
        "pk": 4,
        "fields": {
            "years": 3
        }
    },
    {
        "model": "users.professiongroup",
        "pk": 1,
        "fields": {
            "profession": 2,
            "students": []
        }
    }
]